metric,estimate,lower,upper,n,n_clusters,task_family
mismatch_rate,0.14705882352941177,0.06944444444444445,0.24285714285714285,68,28,
local_positive_team_nonpositive,0.014705882352941176,0.0,0.04838709677419355,68,28,
local_nonpositive_team_positive,0.1323529411764706,0.05555555555555555,0.23333333333333334,68,28,
pearson_local_team_utility,0.33349381013369617,-0.06720367771707401,0.741849127872476,68,28,
mismatch_rate,0.1111111111111111,0.0,0.3333333333333333,9,3,inferential_memory_qa
mismatch_rate,0.13333333333333333,0.0,0.4,15,5,multi_evidence_memory_qa
mismatch_rate,1.0,1.0,1.0,4,4,synthetic_correction
mismatch_rate,0.0,0.0,0.0,4,4,synthetic_resource_cost
mismatch_rate,0.08333333333333333,0.0,0.16666666666666666,36,12,temporal_memory_qa
