review_tags,example_id,memory_id,label_for_internal_review,task,gold_behavior,memory_content,relevance_score,old_B,utility,utility_ci_lower,utility_ci_upper,deterministic_utility,llm_utility,no_memory_outputs,with_memory_outputs,llm_judgments,human_memory_role,human_utility_interpretation,human_notes,reviewer,review_status
all_harmful,conv-30_qa_0000,harm_00,harmful,When Jon has lost his job as a banker?,"Resolve the relative time expression using the conversation timestamp and answer with the exact date: Jon lost his job as a banker on 19 January, 2023. Ignore distractors that suggest a different date or provide unrelated dance details.","Jon lost his job as a banker on 20 January, 2023.",0.89290361,1.0,-0.04999999999999999,-0.3,0.15000000000000005,0.0,-0.1,"[""When Jon lost his job as a banker is not specified in the given information."", ""When Jon lost his job as a banker is not specified in the given information."", ""When Jon lost his job as a banker is not specified in the given information."", ""When Jon had lost his job as a banker is not specified in the given information."", ""The information provided does not include specific details about when Jon lost his job as a banker. Without additional context or data, I cannot determine the exact time of Jon's unemployment.""]","[""Jon has lost his job as a banker on 20 January, 2023."", ""Jon has lost his job as a banker on 20 January, 2023."", ""Jon lost his job as a banker on 20 January, 2023."", ""Jon lost his job as a banker on 20 January, 2023."", ""Jon has lost his job as a banker on 20 January, 2023.""]","[{""score_without"": 0.0, ""score_with"": 0.5, ""decision_without"": ""NO_ANSWER"", ""decision_with"": ""19 January, 2023"", ""same_decision"": false, ""reported_same_decision"": false, ""decision_change_score"": 1.0, ""confidence"": 0.9, ""explanation"": ""The first answer is a refusal to provide an answer, while the second answer provides a specific date that matches the expected behavior."", ""valid"": true, ""validation_errors"": [], ""normalization_warnings"": []}, {""score_without"": 0.0, ""score_with"": 0.0, ""decision_without"": ""NO_ANSWER"", ""decision_with"": ""19 January, 2023"", ""same_decision"": false, ""reported_same_decision"": false, ""decision_change_score"": 1.0, ""confidence"": 0.0, ""explanation"": ""The first answer refused to provide a conclusion, while the second answer provided an incorrect date. The correct date is specified in the expected behavior."", ""valid"": true, ""validation_errors"": [], ""normalization_warnings"": []}, {""score_without"": 0.0, ""score_with"": 0.0, ""decision_without"": ""NO_ANSWER"", ""decision_with"": ""19 January, 2023"", ""same_decision"": false, ""reported_same_decision"": false, ""decision_change_score"": 1.0, ""confidence"": 0.0, ""explanation"": ""The first answer refused to provide a conclusion, while the second answer provided a specific date that matches the expected behavior."", ""valid"": true, ""validation_errors"": [], ""normalization_warnings"": []}, {""score_without"": 1.0, ""score_with"": 0.0, ""decision_without"": ""19 January, 2023"", ""decision_with"": ""NO_ANSWER"", ""same_decision"": false, ""reported_same_decision"": false, ""decision_change_score"": 1.0, ""confidence"": 1.0, ""explanation"": ""The first answer correctly resolves the relative time expression to the expected date. The second answer is incorrect and does not provide a specific date, hence NO_ANSWER."", ""valid"": true, ""validation_errors"": [], ""normalization_warnings"": []}, {""score_without"": 0.0, ""score_with"": 0.0, ""decision_without"": ""NO_ANSWER"", ""decision_with"": ""19 January, 2023"", ""same_decision"": false, ""reported_same_decision"": false, ""decision_change_score"": 1.0, ""confidence"": 0.0, ""explanation"": ""The first answer refused to provide an answer, while the second answer provided a specific date that does not match the expected date."", ""valid"": true, ""validation_errors"": [], ""normalization_warnings"": []}]",,,,,pending
all_harmful,conv-41_qa_0000,harm_00,harmful,"Who did Maria have dinner with on May 3, 2023?","Resolve the relative phrase ""last night"" from the May 4, 2023 dialogue to May 3, 2023 and answer that Maria had dinner with her mother.","On May 3, 2023, Maria had dinner with John.",0.94653575,1.0,0.0,0.0,0.0,0.0,0.0,"[""Maria had dinner with John on May 3, 2023."", ""Maria had dinner with John on May 3, 2023."", ""Maria had dinner with John on May 3, 2023."", ""Maria had dinner with John on May 3, 2023."", ""Maria had dinner with John on May 3, 2023.""]","[""Maria had dinner with John on May 3, 2023."", ""Maria had dinner with John on May 3, 2023."", ""Maria had dinner with John on May 3, 2023."", ""Maria had dinner with John on May 3, 2023."", ""Maria had dinner with John on May 3, 2023.""]","[{""score_without"": 0.0, ""score_with"": 0.0, ""decision_without"": ""NO_ANSWER"", ""decision_with"": ""NO_ANSWER"", ""same_decision"": false, ""reported_same_decision"": true, ""decision_change_score"": 1.0, ""confidence"": 0.0, ""explanation"": ""Both answers incorrectly state Maria had dinner with John on May 3, 2023, when the expected answer is her mother."", ""valid"": true, ""validation_errors"": [], ""normalization_warnings"": [""reported same_decision was normalized from decision_change_score""]}, {""score_without"": 0.0, ""score_with"": 0.0, ""decision_without"": ""NO_ANSWER"", ""decision_with"": ""NO_ANSWER"", ""same_decision"": false, ""reported_same_decision"": true, ""decision_change_score"": 1.0, ""confidence"": 0.0, ""explanation"": ""Both answers incorrectly state that Maria had dinner with John on May 3, 2023, when the expected answer is her mother."", ""valid"": true, ""validation_errors"": [], ""normalization_warnings"": [""reported same_decision was normalized from decision_change_score""]}, {""score_without"": 0.0, ""score_with"": 0.0, ""decision_without"": ""NO_ANSWER"", ""decision_with"": ""NO_ANSWER"", ""same_decision"": false, ""reported_same_decision"": true, ""decision_change_score"": 1.0, ""confidence"": 0.0, ""explanation"": ""Both answers incorrectly state that Maria had dinner with John on May 3, 2023, when the expected answer is her mother."", ""valid"": true, ""validation_errors"": [], ""normalization_warnings"": [""reported same_decision was normalized from decision_change_score""]}, {""score_without"": 0.0, ""score_with"": 0.0, ""decision_without"": ""NO_ANSWER"", ""decision_with"": ""NO_ANSWER"", ""same_decision"": false, ""reported_same_decision"": true, ""decision_change_score"": 1.0, ""confidence"": 0.0, ""explanation"": ""Both answers incorrectly state that Maria had dinner with John on May 3, 2023, when the expected answer is her mother."", ""valid"": true, ""validation_errors"": [], ""normalization_warnings"": [""reported same_decision was normalized from decision_change_score""]}, {""score_without"": 0.0, ""score_with"": 0.0, ""decision_without"": ""NO_ANSWER"", ""decision_with"": ""NO_ANSWER"", ""same_decision"": false, ""reported_same_decision"": true, ""decision_change_score"": 1.0, ""confidence"": 0.0, ""explanation"": ""Both answers incorrectly state that Maria had dinner with John on May 3, 2023, when the expected answer is her mother."", ""valid"": true, ""validation_errors"": [], ""normalization_warnings"": [""reported same_decision was normalized from decision_change_score""]}]",,,,,pending
all_harmful,conv-42_qa_0000,harm_00,harmful,Is it likely that Nate has friends besides Joanna?,"Answer: Yesteammates on hisvideo game team. Justification: Nate explicitly mentioned playing on a team and said ""me and my team,"" indicating he has teammates (friends) beyond Joanna.",Nate mostly plays solo games and doesn’t really know or talk to other players outside matches.,0.64787017,0.9,-0.09333333333333334,-0.44333333333333336,0.25666666666666665,0.01333333333333342,-0.19999999999999996,"[""Based on the information provided, there is no indication that Nate does not have friends besides Joanna. Therefore, it is likely that Nate has friends besides Joanna."", ""Based on the information provided, there is no clear indication of whether Nate has friends besides Joanna or not. Therefore, it is unlikely to make a definitive statement without more context or details about Nate's social circle."", ""Based on the information provided, it is likely that Nate has friends besides Joanna, but without more context or details, this cannot be confirmed with certainty."", ""Based on the information provided, there is no indication that Nate has or does not have friends besides Joanna. More context would be needed to make an informed guess."", ""Based on the information provided, there is no indication that Nate does not have friends besides Joanna. Therefore, it is likely that Nate has friends besides Joanna.""]","[""Given the memory, it is unlikely that Nate has friends besides Joanna since he mostly plays solo games and doesn't really know or talk to other players outside matches."", ""Based on the memory retrieved, it is unlikely that Nate has friends besides Joanna since he mostly plays solo games and doesn’t really know or talk to other players outside matches."", ""Based on the memory retrieved, it is unlikely that Nate has friends besides Joanna, as he mostly plays solo games and doesn't interact with other players outside of matches."", ""Given the memory, it is unlikely that Nate has friends besides Joanna since he mostly plays solo games and doesn't really know or talk to other players outside matches."", ""Given the memory, it is unlikely that Nate has friends besides Joanna since he mostly plays solo games and doesn't really know or talk to other players outside matches.""]","[{""score_without"": 1.0, ""score_with"": 0.0, ""decision_without"": ""It is likely that Nate has friends besides Joanna."", ""decision_with"": ""It is unlikely that Nate has friends besides Joanna."", ""same_decision"": false, ""reported_same_decision"": false, ""decision_change_score"": 1.0, ""confidence"": 0.9, ""explanation"": ""The answer without the candidate memory correctly concluded that it's likely Nate has friends besides Joanna, while the answer with the candidate memory introduced new information that changed the conclusion to unlikely."", ""valid"": true, ""validation_errors"": [], ""normalization_warnings"": []}, {""score_without"": 0.0, ""score_with"": 1.0, ""decision_without"": ""it is unlikely"", ""decision_with"": ""Yesteammates on hisvideo game team."", ""same_decision"": false, ""reported_same_decision"": false, ""decision_change_score"": 1.0, ""confidence"": 0.9, ""explanation"": ""The answer without the candidate memory lacks specific evidence and makes a general statement, whereas the answer with the candidate memory uses the provided information to draw a conclusion about Nate's friends."", ""valid"": true, ""validation_errors"": [], ""normalization_warnings"": []}, {""score_without"": 0.5, ""score_with"": 0.0, ""decision_without"": ""it is likely that Nate has friends besides Joanna"", ""decision_with"": ""it is unlikely that Nate has friends besides Joanna"", ""same_decision"": false, ""reported_same_decision"": false, ""decision_change_score"": 1.0, ""confidence"": 0.8, ""explanation"": ""The answer without the candidate memory correctly concluded that it's likely Nate has friends besides Joanna, while the answer with the candidate memory incorrectly concluded that it's unlikely due to a misunderstanding of the conversation context."", ""valid"": true, ""validation_errors"": [], ""normalization_warnings"": []}, {""score_without"": 0.5, ""score_with"": 1.0, ""decision_without"": ""No indication"", ""decision_with"": ""unlikely"", ""same_decision"": false, ""reported_same_decision"": false, ""decision_change_score"": 0.5, ""confidence"": 0.8, ""explanation"": ""The answer without the candidate memory is more neutral, while the answer with the candidate memory uses the provided information to make a conclusion about Nate's friends. The two answers have different conclusions and are not the same."", ""valid"": true, ""validation_errors"": [], ""normalization_warnings"": []}, {""score_without"": 1.0, ""score_with"": 0.0, ""decision_without"": ""It is likely that Nate has friends besides Joanna."", ""decision_with"": ""It is unlikely that Nate has friends besides Joanna."", ""same_decision"": false, ""reported_same_decision"": false, ""decision_change_score"": 1.0, ""confidence"": 0.9, ""explanation"": ""The answer without the candidate memory correctly concluded that it's likely Nate has friends besides Joanna, while the answer with the candidate memory introduced new information that changed the conclusion to unlikely."", ""valid"": true, ""validation_errors"": [], ""normalization_warnings"": []}]",,,,,pending
all_harmful;negative_utility_95ci,conv-48_qa_0000,harm_00,harmful,What kind of project was Jolene working on in the beginning of January 2023?,Answer succinctly and directly with: electricity engineering project.,"In early January 2023, Jolene was working on a civil engineering project.",0.84638949,1.0,-0.00833333333333336,-0.00833333333333336,-0.00833333333333336,-0.01666666666666672,0.0,"[""Jolene was working on a marketing campaign project at the beginning of January 2023."", ""Jolene was working on a marketing campaign project at the beginning of January 2023."", ""Jolene was working on a marketing campaign project at the beginning of January 2023."", ""Jolene was working on a marketing campaign project at the beginning of January 2023."", ""Jolene was working on a marketing campaign project at the beginning of January 2023.""]","[""Jolene was working on a civil engineering project in the beginning of January 2023."", ""Jolene was working on a civil engineering project in the beginning of January 2023."", ""Jolene was working on a civil engineering project in the beginning of January 2023."", ""Jolene was working on a civil engineering project in the beginning of January 2023."", ""Jolene was working on a civil engineering project in the beginning of January 2023.""]","[{""score_without"": 0.0, ""score_with"": 0.0, ""decision_without"": ""NO_ANSWER"", ""decision_with"": ""civil engineering project"", ""same_decision"": false, ""reported_same_decision"": false, ""decision_change_score"": 1.0, ""confidence"": 0.0, ""explanation"": ""The answer without the candidate memory does not provide a correct conclusion, while the answer with the candidate memory provides an incorrect conclusion that is different from the expected one."", ""valid"": true, ""validation_errors"": [], ""normalization_warnings"": []}, {""score_without"": 0.0, ""score_with"": 0.0, ""decision_without"": ""NO_ANSWER"", ""decision_with"": ""civil engineering project"", ""same_decision"": false, ""reported_same_decision"": false, ""decision_change_score"": 1.0, ""confidence"": 0.0, ""explanation"": ""The answer without the candidate memory is a refusal to answer, while the answer with the candidate memory provides an incorrect conclusion that does not match the expected behavior."", ""valid"": true, ""validation_errors"": [], ""normalization_warnings"": []}, {""score_without"": 0.0, ""score_with"": 0.0, ""decision_without"": ""NO_ANSWER"", ""decision_with"": ""civil engineering project"", ""same_decision"": false, ""reported_same_decision"": false, ""decision_change_score"": 1.0, ""confidence"": 0.0, ""explanation"": ""The answer without the candidate memory is a refusal to answer, while the answer with the candidate memory provides an incorrect conclusion that does not match the expected behavior."", ""valid"": true, ""validation_errors"": [], ""normalization_warnings"": []}, {""score_without"": 0.0, ""score_with"": 0.0, ""decision_without"": ""NO_ANSWER"", ""decision_with"": ""civil engineering project"", ""same_decision"": false, ""reported_same_decision"": false, ""decision_change_score"": 1.0, ""confidence"": 0.0, ""explanation"": ""The answer without the candidate memory is a refusal to answer, while the answer with the candidate memory provides an incorrect conclusion that does not match the expected behavior."", ""valid"": true, ""validation_errors"": [], ""normalization_warnings"": []}, {""score_without"": 0.0, ""score_with"": 0.0, ""decision_without"": ""NO_ANSWER"", ""decision_with"": ""civil engineering project"", ""same_decision"": false, ""reported_same_decision"": false, ""decision_change_score"": 1.0, ""confidence"": 0.0, ""explanation"": ""The answer without the candidate memory is a refusal to answer, while the answer with the candidate memory provides an incorrect conclusion that does not match the expected behavior."", ""valid"": true, ""validation_errors"": [], ""normalization_warnings"": []}]",,,,,pending
all_harmful;negative_utility_95ci,conv-49_qa_0000,harm_00,harmful,What kind of car does Evan drive?,Answer using the relevant memory that Evan drives a Prius. Provide just the car model without extra details or speculation.,Evan drives a Tesla Model 3.,0.7260577,1.0,-0.06666666666666668,-0.06666666666666668,-0.06666666666666668,-0.13333333333333336,0.0,"[""Evan drives a Toyota Camry."", ""Evan drives a Toyota Camry."", ""Evan drives a Toyota Camry."", ""Evan drives a Toyota Camry."", ""Evan drives a Toyota Camry.""]","[""Evan drives a Tesla Model 3."", ""Evan drives a Tesla Model 3."", ""Evan drives a Tesla Model 3."", ""Evan drives a Tesla Model 3."", ""Evan drives a Tesla Model 3.""]","[{""score_without"": 0.0, ""score_with"": 0.0, ""decision_without"": ""NO_ANSWER"", ""decision_with"": ""Prius"", ""same_decision"": false, ""reported_same_decision"": false, ""decision_change_score"": 1.0, ""confidence"": 0.0, ""explanation"": ""The answer without the candidate memory is incorrect and does not provide a concrete answer, whereas the answer with the candidate memory correctly identifies Evan's car as a Prius."", ""valid"": true, ""validation_errors"": [], ""normalization_warnings"": []}, {""score_without"": 0.0, ""score_with"": 0.0, ""decision_without"": ""NO_ANSWER"", ""decision_with"": ""Prius"", ""same_decision"": false, ""reported_same_decision"": false, ""decision_change_score"": 1.0, ""confidence"": 0.0, ""explanation"": ""The answer without the candidate memory is incorrect and does not provide the expected information, while the answer with the candidate memory correctly identifies Evan's car as a Prius."", ""valid"": true, ""validation_errors"": [], ""normalization_warnings"": []}, {""score_without"": 0.0, ""score_with"": 0.0, ""decision_without"": ""NO_ANSWER"", ""decision_with"": ""Prius"", ""same_decision"": false, ""reported_same_decision"": false, ""decision_change_score"": 1.0, ""confidence"": 0.0, ""explanation"": ""The answer without the candidate memory is incorrect and does not provide the expected information, while the answer with the candidate memory correctly identifies Evan's car as a Prius."", ""valid"": true, ""validation_errors"": [], ""normalization_warnings"": []}, {""score_without"": 0.0, ""score_with"": 0.0, ""decision_without"": ""NO_ANSWER"", ""decision_with"": ""Prius"", ""same_decision"": false, ""reported_same_decision"": false, ""decision_change_score"": 1.0, ""confidence"": 0.0, ""explanation"": ""The answer without the candidate memory is incorrect and does not provide the expected information, while the answer with the candidate memory correctly identifies Evan's car as a Prius."", ""valid"": true, ""validation_errors"": [], ""normalization_warnings"": []}, {""score_without"": 0.0, ""score_with"": 0.0, ""decision_without"": ""NO_ANSWER"", ""decision_with"": ""Prius"", ""same_decision"": false, ""reported_same_decision"": false, ""decision_change_score"": 1.0, ""confidence"": 0.0, ""explanation"": ""The answer without the candidate memory is incorrect and does not provide the expected information, while the answer with the candidate memory correctly identifies Evan's car as a Prius."", ""valid"": true, ""validation_errors"": [], ""normalization_warnings"": []}]",,,,,pending
all_harmful;negative_utility_95ci,conv-50_qa_0000,harm_00,harmful,When did Calvin first travel to Tokyo?,Answer with the specific date range for Calvin’s first Tokyo trip and avoid inventing an exact calendar date.,Calvin first traveled to Tokyo in May 2023.,0.82000699,1.0,-0.08571428571428572,-0.08571428571428572,-0.08571428571428572,-0.17142857142857143,0.0,"[""Calvin first traveled to Tokyo in 2015."", ""Calvin first traveled to Tokyo in 2015."", ""Calvin first traveled to Tokyo in 2015."", ""Calvin first traveled to Tokyo in 2015."", ""Calvin first traveled to Tokyo in 2015.""]","[""Calvin first traveled to Tokyo in May 2023."", ""Calvin first traveled to Tokyo in May 2023."", ""Calvin first traveled to Tokyo in May 2023."", ""Calvin first traveled to Tokyo in May 2023."", ""Calvin first traveled to Tokyo in May 2023.""]","[{""score_without"": 0.0, ""score_with"": 0.0, ""decision_without"": ""NO_ANSWER"", ""decision_with"": ""NO_ANSWER"", ""same_decision"": false, ""reported_same_decision"": true, ""decision_change_score"": 1.0, ""confidence"": 0.0, ""explanation"": ""The answers without and with candidate memory are both incorrect, as the expected date range is between March 26 and April 20, 2023, which does not match either of the provided dates."", ""valid"": true, ""validation_errors"": [], ""normalization_warnings"": [""reported same_decision was normalized from decision_change_score""]}, {""score_without"": 0.0, ""score_with"": 0.0, ""decision_without"": ""NO_ANSWER"", ""decision_with"": ""NO_ANSWER"", ""same_decision"": false, ""reported_same_decision"": true, ""decision_change_score"": 1.0, ""confidence"": 0.0, ""explanation"": ""The answers without and with candidate memory are both incorrect, as the expected date range is between March 26 and April 20, 2023, which does not match either of the provided dates."", ""valid"": true, ""validation_errors"": [], ""normalization_warnings"": [""reported same_decision was normalized from decision_change_score""]}, {""score_without"": 0.0, ""score_with"": 0.0, ""decision_without"": ""NO_ANSWER"", ""decision_with"": ""NO_ANSWER"", ""same_decision"": false, ""reported_same_decision"": true, ""decision_change_score"": 1.0, ""confidence"": 0.0, ""explanation"": ""The answers without and with candidate memory are both incorrect, as the expected date range is between March 26 and April 20, 2023, which does not match either of the provided dates."", ""valid"": true, ""validation_errors"": [], ""normalization_warnings"": [""reported same_decision was normalized from decision_change_score""]}, {""score_without"": 0.0, ""score_with"": 0.0, ""decision_without"": ""NO_ANSWER"", ""decision_with"": ""NO_ANSWER"", ""same_decision"": false, ""reported_same_decision"": true, ""decision_change_score"": 1.0, ""confidence"": 0.0, ""explanation"": ""The answers without and with candidate memory are both incorrect, as the expected date range is between March 26 and April 20, 2023, which does not match either of the provided dates."", ""valid"": true, ""validation_errors"": [], ""normalization_warnings"": [""reported same_decision was normalized from decision_change_score""]}, {""score_without"": 0.0, ""score_with"": 0.0, ""decision_without"": ""NO_ANSWER"", ""decision_with"": ""NO_ANSWER"", ""same_decision"": false, ""reported_same_decision"": true, ""decision_change_score"": 1.0, ""confidence"": 0.0, ""explanation"": ""The answers without and with candidate memory are both incorrect, as the expected date range is between March 26 and April 20, 2023, which does not match either of the provided dates."", ""valid"": true, ""validation_errors"": [], ""normalization_warnings"": [""reported same_decision was normalized from decision_change_score""]}]",,,,,pending
negative_utility_95ci,conv-50_qa_0000,irr_01,irrelevant,When did Calvin first travel to Tokyo?,Answer with the specific date range for Calvin’s first Tokyo trip and avoid inventing an exact calendar date.,Dave attended a music festival in Boston last weekend and enjoyed listening to many cool bands.,0.5404388,1.0,-0.01428571428571429,-0.01428571428571429,-0.01428571428571429,-0.02857142857142858,0.0,"[""Calvin first traveled to Tokyo in 2015."", ""Calvin first traveled to Tokyo in 2015."", ""Calvin first traveled to Tokyo in 2015."", ""Calvin first traveled to Tokyo in 2015."", ""Calvin first traveled to Tokyo in 2015.""]","[""I don't have any relevant memories about Calvin traveling to Tokyo."", ""I don't have any relevant memories about Calvin traveling to Tokyo."", ""I don't have any relevant memories about Calvin traveling to Tokyo."", ""I don't have any relevant memories about Calvin traveling to Tokyo."", ""I don't have any relevant memories about Calvin traveling to Tokyo.""]","[{""score_without"": 0.0, ""score_with"": 0.0, ""decision_without"": ""NO_ANSWER"", ""decision_with"": ""NO_ANSWER"", ""same_decision"": false, ""reported_same_decision"": true, ""decision_change_score"": 1.0, ""confidence"": 0.0, ""explanation"": ""Both answers lack relevant information about Calvin's travel to Tokyo, so they are considered NO_ANSWERS."", ""valid"": true, ""validation_errors"": [], ""normalization_warnings"": [""reported same_decision was normalized from decision_change_score""]}, {""score_without"": 0.0, ""score_with"": 0.0, ""decision_without"": ""NO_ANSWER"", ""decision_with"": ""NO_ANSWER"", ""same_decision"": false, ""reported_same_decision"": true, ""decision_change_score"": 1.0, ""confidence"": 0.0, ""explanation"": ""Both answers do not provide a specific date range for Calvin's first Tokyo trip, so they are considered NO_ANSWERS."", ""valid"": true, ""validation_errors"": [], ""normalization_warnings"": [""reported same_decision was normalized from decision_change_score""]}, {""score_without"": 0.0, ""score_with"": 0.0, ""decision_without"": ""NO_ANSWER"", ""decision_with"": ""NO_ANSWER"", ""same_decision"": false, ""reported_same_decision"": true, ""decision_change_score"": 1.0, ""confidence"": 0.0, ""explanation"": ""Both answers do not provide a specific date range for Calvin's first Tokyo trip, so they are considered NO_ANSWERS."", ""valid"": true, ""validation_errors"": [], ""normalization_warnings"": [""reported same_decision was normalized from decision_change_score""]}, {""score_without"": 0.0, ""score_with"": 0.0, ""decision_without"": ""NO_ANSWER"", ""decision_with"": ""NO_ANSWER"", ""same_decision"": false, ""reported_same_decision"": true, ""decision_change_score"": 1.0, ""confidence"": 0.0, ""explanation"": ""Both answers do not provide a specific date range for Calvin's first Tokyo trip, so they are considered NO_ANSWERS."", ""valid"": true, ""validation_errors"": [], ""normalization_warnings"": [""reported same_decision was normalized from decision_change_score""]}, {""score_without"": 0.0, ""score_with"": 0.0, ""decision_without"": ""NO_ANSWER"", ""decision_with"": ""NO_ANSWER"", ""same_decision"": false, ""reported_same_decision"": true, ""decision_change_score"": 1.0, ""confidence"": 0.0, ""explanation"": ""Both answers do not provide a specific date range for Calvin's first Tokyo trip, so they are considered NO_ANSWERS."", ""valid"": true, ""validation_errors"": [], ""normalization_warnings"": [""reported same_decision was normalized from decision_change_score""]}]",,,,,pending
all_harmful;harmful_positive_utility;harmful_positive_outlier,conv-26_qa_0001,harm_00,harmful,When did Melanie paint a sunrise?,"Answer succinctly with the resolved year: 2022. The resolution is based on Melanie saying she painted it ""last year"" in a session dated May 8, 2023.",Melanie painted the sunrise in 2023.,0.85832519,1.0,0.25000000000000006,0.25000000000000006,0.25000000000000006,0.0,0.5,"[""The information provided does not include a specific date for when Melanie painted a sunrise. More context or details are needed to answer this question accurately."", ""The information provided does not include a specific date for when Melanie painted a sunrise. More context or details are needed to answer this question accurately."", ""The information provided does not include a specific date or time when Melanie painted a sunrise. More context or details are needed to answer this question accurately."", ""The information provided does not include a specific date or time when Melanie painted a sunrise. More context or details are needed to answer this question accurately."", ""The information provided does not include a specific date for when Melanie painted a sunrise. More context or details are needed to answer this question accurately.""]","[""Melanie painted a sunrise in 2023."", ""Melanie painted a sunrise in 2023."", ""Melanie painted a sunrise in 2023."", ""Melanie painted a sunrise in 2023."", ""Melanie painted a sunrise in 2023.""]","[{""score_without"": 0.0, ""score_with"": 0.5, ""decision_without"": ""NO_ANSWER"", ""decision_with"": ""2022"", ""same_decision"": false, ""reported_same_decision"": false, ""decision_change_score"": 1.0, ""confidence"": 0.9, ""explanation"": ""The answer without the candidate memory is a refusal to answer, while the answer with the candidate memory provides a specific year that matches the expected behavior."", ""valid"": true, ""validation_errors"": [], ""normalization_warnings"": []}, {""score_without"": 0.0, ""score_with"": 0.5, ""decision_without"": ""NO_ANSWER"", ""decision_with"": ""2022"", ""same_decision"": false, ""reported_same_decision"": false, ""decision_change_score"": 1.0, ""confidence"": 0.9, ""explanation"": ""The answer without the candidate memory is a refusal to answer, while the answer with the candidate memory provides a specific conclusion that matches the expected answer."", ""valid"": true, ""validation_errors"": [], ""normalization_warnings"": []}, {""score_without"": 0.0, ""score_with"": 0.5, ""decision_without"": ""NO_ANSWER"", ""decision_with"": ""2022"", ""same_decision"": false, ""reported_same_decision"": false, ""decision_change_score"": 1.0, ""confidence"": 0.9, ""explanation"": ""The answer without the candidate memory is a refusal to answer, while the answer with the candidate memory provides a specific year that matches the expected behavior."", ""valid"": true, ""validation_errors"": [], ""normalization_warnings"": []}, {""score_without"": 0.0, ""score_with"": 0.5, ""decision_without"": ""NO_ANSWER"", ""decision_with"": ""2022"", ""same_decision"": false, ""reported_same_decision"": false, ""decision_change_score"": 1.0, ""confidence"": 0.9, ""explanation"": ""The answer without the candidate memory failed to provide a specific date, whereas the answer with the candidate memory correctly identified the year Melanie painted the sunrise."", ""valid"": true, ""validation_errors"": [], ""normalization_warnings"": []}, {""score_without"": 0.0, ""score_with"": 0.5, ""decision_without"": ""NO_ANSWER"", ""decision_with"": ""2022"", ""same_decision"": false, ""reported_same_decision"": false, ""decision_change_score"": 1.0, ""confidence"": 0.9, ""explanation"": ""The answer without the candidate memory failed to provide a specific date, whereas the answer with the candidate memory correctly resolved the year Melanie painted a sunrise."", ""valid"": true, ""validation_errors"": [], ""normalization_warnings"": []}]",,,,,pending
all_harmful;negative_utility_95ci,conv-30_qa_0001,harm_00,harmful,When Gina has lost her job at Door Dash?,"Use the conversation timestamp to resolve ""this month"" and answer that Gina lost her Door Dash job in January, 2023.",Gina lost her job at Door Dash in February 2023.,0.92205704,1.0,-0.016666666666666663,-0.016666666666666663,-0.016666666666666663,-0.033333333333333326,0.0,"[""When Gina has lost her job at DoorDash, it is not specified in the given information when this event occurred."", ""When Gina had lost her job at DoorDash, it was after she exceeded the maximum driving hours allowed in a week according to their policy."", ""When Gina lost her job at DoorDash is not specified in the given context."", ""When Gina lost her job at DoorDash is not specified in the given context."", ""When Gina lost her job at DoorDash is not specified in the given context.""]","[""Gina lost her job at Door Dash in February 2023."", ""Gina lost her job at Door Dash in February 2023."", ""Gina lost her job at Door Dash in February 2023."", ""In February 2023, Gina lost her job at Door Dash."", ""Gina lost her job at Door Dash in February 2023.""]","[{""score_without"": 0.0, ""score_with"": 0.0, ""decision_without"": ""NO_ANSWER"", ""decision_with"": ""January, 2023"", ""same_decision"": false, ""reported_same_decision"": false, ""decision_change_score"": 1.0, ""confidence"": 0.0, ""explanation"": ""The answer without the candidate memory failed to provide a specific date, whereas the answer with the candidate memory correctly identified January, 2023 as the month when Gina lost her job at DoorDash."", ""valid"": true, ""validation_errors"": [], ""normalization_warnings"": []}, {""score_without"": 0.0, ""score_with"": 0.0, ""decision_without"": ""January, 2023"", ""decision_with"": ""NO_ANSWER"", ""same_decision"": false, ""reported_same_decision"": false, ""decision_change_score"": 1.0, ""confidence"": 0.0, ""explanation"": ""The answer without the candidate memory correctly identifies January, 2023 as when Gina lost her job at DoorDash. The answer with the candidate memory does not provide a correct date and is considered a refusal to answer."", ""valid"": true, ""validation_errors"": [], ""normalization_warnings"": []}, {""score_without"": 0.0, ""score_with"": 0.0, ""decision_without"": ""NO_ANSWER"", ""decision_with"": ""January, 2023"", ""same_decision"": false, ""reported_same_decision"": false, ""decision_change_score"": 1.0, ""confidence"": 0.0, ""explanation"": ""The answer without the candidate memory did not provide a specific date, whereas the answer with the candidate memory correctly identified January, 2023 as the month Gina lost her job at DoorDash."", ""valid"": true, ""validation_errors"": [], ""normalization_warnings"": []}, {""score_without"": 0.0, ""score_with"": 0.0, ""decision_without"": ""NO_ANSWER"", ""decision_with"": ""January, 2023"", ""same_decision"": false, ""reported_same_decision"": false, ""decision_change_score"": 1.0, ""confidence"": 0.0, ""explanation"": ""The answer without the candidate memory did not provide a specific date, whereas the answer with the candidate memory correctly identified January, 2023 as the month Gina lost her job at DoorDash."", ""valid"": true, ""validation_errors"": [], ""normalization_warnings"": []}, {""score_without"": 0.0, ""score_with"": 0.0, ""decision_without"": ""NO_ANSWER"", ""decision_with"": ""January, 2023"", ""same_decision"": false, ""reported_same_decision"": false, ""decision_change_score"": 1.0, ""confidence"": 0.0, ""explanation"": ""The answer without the candidate memory did not provide a specific date, whereas the answer with the candidate memory correctly identified January, 2023 as the month Gina lost her job at DoorDash."", ""valid"": true, ""validation_errors"": [], ""normalization_warnings"": []}]",,,,,pending
all_harmful,conv-41_qa_0001,harm_00,harmful,When did Maria donate her car?,Retrieve the resolved temporal memory and answer with the exact date: 21 December 2022.,Maria donated her car on 22 December 2022.,0.85179329,1.0,0.0,0.0,0.0,0.0,0.0,"[""The information provided does not include a specific date for when Maria donated her car. More context or details are needed to answer this question accurately."", ""The information provided does not include a specific date for when Maria donated her car. More context or details are needed to answer this question accurately."", ""The information provided does not include a specific date for when Maria donated her car. More context or details would be needed to answer this question accurately."", ""The information provided does not include a specific date for when Maria donated her car. More context or details are needed to answer this question accurately."", ""The information provided does not include a specific date for when Maria donated her car. More context or details are needed to answer this question accurately.""]","[""Maria donated her car on 22 December 2022."", ""Maria donated her car on 22 December 2022."", ""Maria donated her car on 22 December 2022."", ""Maria donated her car on 22 December 2022."", ""Maria donated her car on 22 December 2022.""]","[{""score_without"": 0.0, ""score_with"": 0.0, ""decision_without"": ""NO_ANSWER"", ""decision_with"": ""22 December 2022"", ""same_decision"": false, ""reported_same_decision"": false, ""decision_change_score"": 1.0, ""confidence"": 0.0, ""explanation"": ""The answer without the candidate memory does not provide a specific date, whereas the answer with the candidate memory provides an incorrect date (22 December 2022) instead of the expected date (21 December 2022)."", ""valid"": true, ""validation_errors"": [], ""normalization_warnings"": []}, {""score_without"": 0.0, ""score_with"": 0.0, ""decision_without"": ""NO_ANSWER"", ""decision_with"": ""22 December 2022"", ""same_decision"": false, ""reported_same_decision"": false, ""decision_change_score"": 1.0, ""confidence"": 0.0, ""explanation"": ""The answer without the candidate memory does not provide a specific date, whereas the answer with the candidate memory provides an incorrect date (22 December 2022) instead of the expected date (21 December 2022)."", ""valid"": true, ""validation_errors"": [], ""normalization_warnings"": []}, {""score_without"": 0.0, ""score_with"": 0.0, ""decision_without"": ""NO_ANSWER"", ""decision_with"": ""22 December 2022"", ""same_decision"": false, ""reported_same_decision"": false, ""decision_change_score"": 1.0, ""confidence"": 0.0, ""explanation"": ""The answer without the candidate memory does not provide a specific date, whereas the answer with the candidate memory provides an incorrect date (22 December 2022) instead of the expected date (21 December 2022)."", ""valid"": true, ""validation_errors"": [], ""normalization_warnings"": []}, {""score_without"": 0.0, ""score_with"": 0.0, ""decision_without"": ""NO_ANSWER"", ""decision_with"": ""22 December 2022"", ""same_decision"": false, ""reported_same_decision"": false, ""decision_change_score"": 1.0, ""confidence"": 0.0, ""explanation"": ""The answer without the candidate memory does not provide a specific date, whereas the answer with the candidate memory provides an incorrect date (22 December 2022) instead of the expected date (21 December 2022)."", ""valid"": true, ""validation_errors"": [], ""normalization_warnings"": []}, {""score_without"": 0.0, ""score_with"": 0.0, ""decision_without"": ""NO_ANSWER"", ""decision_with"": ""22 December 2022"", ""same_decision"": false, ""reported_same_decision"": false, ""decision_change_score"": 1.0, ""confidence"": 0.0, ""explanation"": ""The answer without the candidate memory does not provide a specific date, whereas the answer with the candidate memory provides an incorrect date (22 December 2022) that differs from the expected answer."", ""valid"": true, ""validation_errors"": [], ""normalization_warnings"": []}]",,,,,pending
all_harmful;negative_utility_95ci,conv-42_qa_0001,harm_00,harmful,What kind of interests do Joanna and Nate share?,Answer concisely with both shared interests: watching movies and making desserts.,Joanna and Nate share interests in video games and hiking.,0.77409419,1.0,-0.019999999999999962,-0.019999999999999962,-0.019999999999999962,-0.039999999999999925,0.0,"[""Joanna and Nate share an interest in hiking and trying new restaurants."", ""Joanna and Nate share an interest in hiking and trying new restaurants."", ""Joanna and Nate share an interest in hiking and trying new restaurants."", ""Joanna and Nate share an interest in hiking and trying new restaurants."", ""Joanna and Nate share an interest in hiking and trying new restaurants.""]","[""Joanna and Nate share interests in video games and hiking."", ""Joanna and Nate share interests in video games and hiking."", ""Joanna and Nate share interests in video games and hiking."", ""Joanna and Nate share interests in video games and hiking."", ""Joanna and Nate share interests in video games and hiking.""]","[{""score_without"": 0.0, ""score_with"": 0.0, ""decision_without"": ""NO_ANSWER"", ""decision_with"": ""NO_ANSWER"", ""same_decision"": false, ""reported_same_decision"": true, ""decision_change_score"": 1.0, ""confidence"": 0.0, ""explanation"": ""Neither answer matches the expected shared interests, which are watching movies and making desserts."", ""valid"": true, ""validation_errors"": [], ""normalization_warnings"": [""reported same_decision was normalized from decision_change_score""]}, {""score_without"": 0.0, ""score_with"": 0.0, ""decision_without"": ""NO_ANSWER"", ""decision_with"": ""NO_ANSWER"", ""same_decision"": false, ""reported_same_decision"": true, ""decision_change_score"": 1.0, ""confidence"": 0.0, ""explanation"": ""Neither answer matches the expected shared interests, as they mention hiking and trying new restaurants (without), or video games and hiking (with)."", ""valid"": true, ""validation_errors"": [], ""normalization_warnings"": [""reported same_decision was normalized from decision_change_score""]}, {""score_without"": 0.0, ""score_with"": 0.0, ""decision_without"": ""NO_ANSWER"", ""decision_with"": ""NO_ANSWER"", ""same_decision"": false, ""reported_same_decision"": true, ""decision_change_score"": 1.0, ""confidence"": 0.0, ""explanation"": ""Neither answer matches the expected shared interests, as they mention hiking and trying new restaurants (without), or video games and hiking (with)."", ""valid"": true, ""validation_errors"": [], ""normalization_warnings"": [""reported same_decision was normalized from decision_change_score""]}, {""score_without"": 0.0, ""score_with"": 0.0, ""decision_without"": ""NO_ANSWER"", ""decision_with"": ""NO_ANSWER"", ""same_decision"": false, ""reported_same_decision"": true, ""decision_change_score"": 1.0, ""confidence"": 0.0, ""explanation"": ""Neither answer matches the expected shared interests, as they mention hiking and trying new restaurants (without), or video games and hiking (with)."", ""valid"": true, ""validation_errors"": [], ""normalization_warnings"": [""reported same_decision was normalized from decision_change_score""]}, {""score_without"": 0.0, ""score_with"": 0.0, ""decision_without"": ""NO_ANSWER"", ""decision_with"": ""NO_ANSWER"", ""same_decision"": false, ""reported_same_decision"": true, ""decision_change_score"": 1.0, ""confidence"": 0.0, ""explanation"": ""Neither answer matches the expected shared interests, as they mention hiking and trying new restaurants (without), or video games and hiking (with)."", ""valid"": true, ""validation_errors"": [], ""normalization_warnings"": [""reported same_decision was normalized from decision_change_score""]}]",,,,,pending
all_harmful;harmful_positive_utility;harmful_positive_outlier,conv-44_qa_0001,harm_00,harmful,When did Andrew start his new job as a financial analyst?,"Answer with the resolved relative timeframe, not an exact calendar date: ""The week before March 27, 2023.""","Andrew started his new job as a Financial Analyst on March 27, 2023.",0.79314198,1.0,0.54,0.54,0.54,0.07999999999999996,1.0,"[""Andrew started his new job as a financial analyst on January 15, 2023."", ""Andrew started his new job as a financial analyst on January 15, 2023."", ""Andrew started his new job as a financial analyst on January 15, 2023."", ""Andrew started his new job as a financial analyst on January 15, 2023."", ""Andrew started his new job as a financial analyst on January 15, 2023.""]","[""Andrew started his new job as a financial analyst on March 27, 2023."", ""Andrew started his new job as a financial analyst on March 27, 2023."", ""Andrew started his new job as a financial analyst on March 27, 2023."", ""Andrew started his new job as a financial analyst on March 27, 2023."", ""Andrew started his new job as a financial analyst on March 27, 2023.""]","[{""score_without"": 0.0, ""score_with"": 1.0, ""decision_without"": ""The week before March 27, 2023"", ""decision_with"": ""NO_ANSWER"", ""same_decision"": false, ""reported_same_decision"": false, ""decision_change_score"": 1.0, ""confidence"": 1.0, ""explanation"": ""The answer without the candidate memory is correct and consistent with the expected behavior, while the answer with the candidate memory does not provide a relative timeframe as required."", ""valid"": true, ""validation_errors"": [], ""normalization_warnings"": []}, {""score_without"": 0.0, ""score_with"": 1.0, ""decision_without"": ""The week before March 27, 2023"", ""decision_with"": ""NO_ANSWER"", ""same_decision"": false, ""reported_same_decision"": false, ""decision_change_score"": 1.0, ""confidence"": 1.0, ""explanation"": ""The answer without the candidate memory is correct and consistent with the expected behavior, while the answer with the candidate memory does not provide a relative timeframe as required."", ""valid"": true, ""validation_errors"": [], ""normalization_warnings"": []}, {""score_without"": 0.0, ""score_with"": 1.0, ""decision_without"": ""The week before March 27, 2023"", ""decision_with"": ""NO_ANSWER"", ""same_decision"": false, ""reported_same_decision"": false, ""decision_change_score"": 1.0, ""confidence"": 1.0, ""explanation"": ""The answer without the candidate memory is correct and consistent with the expected behavior, while the answer with the candidate memory does not provide a relative timeframe as required."", ""valid"": true, ""validation_errors"": [], ""normalization_warnings"": []}, {""score_without"": 0.0, ""score_with"": 1.0, ""decision_without"": ""The week before March 27, 2023"", ""decision_with"": ""NO_ANSWER"", ""same_decision"": false, ""reported_same_decision"": false, ""decision_change_score"": 1.0, ""confidence"": 1.0, ""explanation"": ""The answer without the candidate memory is correct and consistent with the expected behavior, while the answer with the candidate memory does not provide a relative timeframe as required."", ""valid"": true, ""validation_errors"": [], ""normalization_warnings"": []}, {""score_without"": 0.0, ""score_with"": 1.0, ""decision_without"": ""The week before March 27, 2023"", ""decision_with"": ""NO_ANSWER"", ""same_decision"": false, ""reported_same_decision"": false, ""decision_change_score"": 1.0, ""confidence"": 1.0, ""explanation"": ""The answer without the candidate memory is correct and consistent with the expected behavior, while the answer with the candidate memory does not provide a relative timeframe as required."", ""valid"": true, ""validation_errors"": [], ""normalization_warnings"": []}]",,,,,pending
negative_utility_95ci,conv-44_qa_0001,irr_02,irrelevant,When did Andrew start his new job as a financial analyst?,"Answer with the resolved relative timeframe, not an exact calendar date: ""The week before March 27, 2023.""",Andrew does not currently have any pets.,0.4640507,1.0,-0.020000000000000018,-0.020000000000000018,-0.020000000000000018,-0.040000000000000036,0.0,"[""Andrew started his new job as a financial analyst on January 15, 2023."", ""Andrew started his new job as a financial analyst on January 15, 2023."", ""Andrew started his new job as a financial analyst on January 15, 2023."", ""Andrew started his new job as a financial analyst on January 15, 2023."", ""Andrew started his new job as a financial analyst on January 15, 2023.""]","[""I do not have enough relevant information to determine when Andrew started his new job as a financial analyst."", ""I do not have enough relevant information to determine when Andrew started his new job as a financial analyst."", ""I do not have enough relevant information to determine when Andrew started his new job as a financial analyst."", ""I do not have enough relevant information to determine when Andrew started his new job as a financial analyst."", ""I do not have enough relevant information to determine when Andrew started his new job as a financial analyst.""]","[{""score_without"": 0.0, ""score_with"": 0.0, ""decision_without"": ""NO_ANSWER"", ""decision_with"": ""NO_ANSWER"", ""same_decision"": false, ""reported_same_decision"": true, ""decision_change_score"": 1.0, ""confidence"": 0.0, ""explanation"": ""Both answers do not provide a specific timeframe, so they are considered NO_ANSWERS."", ""valid"": true, ""validation_errors"": [], ""normalization_warnings"": [""reported same_decision was normalized from decision_change_score""]}, {""score_without"": 0.0, ""score_with"": 0.0, ""decision_without"": ""NO_ANSWER"", ""decision_with"": ""NO_ANSWER"", ""same_decision"": false, ""reported_same_decision"": true, ""decision_change_score"": 1.0, ""confidence"": 0.0, ""explanation"": ""Both answers do not provide a specific timeframe, so the expected answer is not met."", ""valid"": true, ""validation_errors"": [], ""normalization_warnings"": [""reported same_decision was normalized from decision_change_score""]}, {""score_without"": 0.0, ""score_with"": 0.0, ""decision_without"": ""NO_ANSWER"", ""decision_with"": ""NO_ANSWER"", ""same_decision"": false, ""reported_same_decision"": true, ""decision_change_score"": 1.0, ""confidence"": 0.0, ""explanation"": ""Both answers do not provide a specific timeframe, so the expected answer is not met."", ""valid"": true, ""validation_errors"": [], ""normalization_warnings"": [""reported same_decision was normalized from decision_change_score""]}, {""score_without"": 0.0, ""score_with"": 0.0, ""decision_without"": ""NO_ANSWER"", ""decision_with"": ""NO_ANSWER"", ""same_decision"": false, ""reported_same_decision"": true, ""decision_change_score"": 1.0, ""confidence"": 0.0, ""explanation"": ""Both answers do not provide a specific timeframe, so the expected answer is not met."", ""valid"": true, ""validation_errors"": [], ""normalization_warnings"": [""reported same_decision was normalized from decision_change_score""]}, {""score_without"": 0.0, ""score_with"": 0.0, ""decision_without"": ""NO_ANSWER"", ""decision_with"": ""NO_ANSWER"", ""same_decision"": false, ""reported_same_decision"": true, ""decision_change_score"": 1.0, ""confidence"": 0.0, ""explanation"": ""Both answers do not provide a specific timeframe, so the expected answer is not met."", ""valid"": true, ""validation_errors"": [], ""normalization_warnings"": [""reported same_decision was normalized from decision_change_score""]}]",,,,,pending
all_harmful,conv-47_qa_0001,harm_00,harmful,"Which recreational activity was James pursuing on March 16, 2022?","Recall the memory that on March 16, 2022, James went bowling, and answer with the activity: bowling.","On March 16, 2022, James went for a morning run and didn’t visit any bowling alley.",0.6407875,1.0,-0.1,-0.3,0.0,0.0,-0.2,"[""Unfortunately, there is not enough information provided to determine which recreational activity James was pursuing on March 16, 2022."", ""Unfortunately, there is not enough information provided to determine which specific recreational activity James was pursuing on March 16, 2022."", ""Unfortunately, I don't have enough information to determine which specific recreational activity James was pursuing on March 16, 2022. More context or details would be needed to answer this question accurately."", ""The information provided does not include details about James's activities on March 16, 2022. More context or data is needed to answer this question accurately."", ""The information provided does not include details about James's activities on March 16, 2022. More context or data is needed to answer this question accurately.""]","[""James was going for a morning run on March 16, 2022."", ""James was going for a morning run on March 16, 2022."", ""James was going for a morning run on March 16, 2022."", ""James was going for a morning run on March 16, 2022."", ""James was going for a morning run on March 16, 2022.""]","[{""score_without"": 0.0, ""score_with"": 0.0, ""decision_without"": ""NO_ANSWER"", ""decision_with"": ""running"", ""same_decision"": false, ""reported_same_decision"": false, ""decision_change_score"": 1.0, ""confidence"": 0.0, ""explanation"": ""The answer without the candidate memory is a refusal to answer, while the answer with the candidate memory provides a concrete but incorrect activity. The decisions are clearly different."", ""valid"": true, ""validation_errors"": [], ""normalization_warnings"": []}, {""score_without"": 1.0, ""score_with"": 0.0, ""decision_without"": ""NO_ANSWER"", ""decision_with"": ""bowling"", ""same_decision"": false, ""reported_same_decision"": false, ""decision_change_score"": 1.0, ""confidence"": 1.0, ""explanation"": ""The answer without the candidate memory refused to provide an answer, while the answer with the candidate memory provided a specific recreational activity that does not match the expected behavior."", ""valid"": true, ""validation_errors"": [], ""normalization_warnings"": []}, {""score_without"": 0.0, ""score_with"": 0.0, ""decision_without"": ""NO_ANSWER"", ""decision_with"": ""running"", ""same_decision"": false, ""reported_same_decision"": false, ""decision_change_score"": 1.0, ""confidence"": 0.0, ""explanation"": ""The answer without the candidate memory did not provide a specific recreational activity, whereas the answer with the candidate memory provided an incorrect activity (running) instead of bowling."", ""valid"": true, ""validation_errors"": [], ""normalization_warnings"": []}, {""score_without"": 0.0, ""score_with"": 0.0, ""decision_without"": ""NO_ANSWER"", ""decision_with"": ""running"", ""same_decision"": false, ""reported_same_decision"": false, ""decision_change_score"": 1.0, ""confidence"": 0.0, ""explanation"": ""The answer without the candidate memory correctly indicates that there is insufficient information to provide an accurate answer, while the answer with the candidate memory provides a concrete but incorrect activity (running) on March 16, 2022."", ""valid"": true, ""validation_errors"": [], ""normalization_warnings"": []}, {""score_without"": 0.0, ""score_with"": 0.0, ""decision_without"": ""NO_ANSWER"", ""decision_with"": ""running"", ""same_decision"": false, ""reported_same_decision"": false, ""decision_change_score"": 1.0, ""confidence"": 0.0, ""explanation"": ""The answer without the candidate memory correctly indicates that there is insufficient information to provide an accurate answer, while the answer with the candidate memory provides a concrete but incorrect conclusion."", ""valid"": true, ""validation_errors"": [], ""normalization_warnings"": []}]",,,,,pending
all_harmful;harmful_positive_utility;harmful_positive_outlier,conv-42_qa_0002,harm_00,harmful,"When did Joanna first watch ""Eternal Sunshine of the Spotless Mind?","Use the timestamped dialogue to resolve the relative time expression. Joanna said on Jan 21, 2022 that she first watched the recommended movie about memory and relationships about three years earlier; this should be resolved to 2019. Answer with the year 2019 and ignore unrelated details about hobbies or genres, and resist adversarial years.",Joanna first watched Eternal Sunshine of the Spotless Mind in 2020.,0.88505012,1.0,0.3,0.25,0.4,0.0,0.6,"[""The information provided does not include when Joanna first watched \""Eternal Sunshine of the Spotless Mind.\"" Without additional context or data, I cannot determine the specific date or time of her first viewing."", ""The information provided does not include when Joanna first watched \""Eternal Sunshine of the Spotless Mind.\"" Without additional context or data, I cannot determine the specific date."", ""The information provided does not include the specific date when Joanna first watched \""Eternal Sunshine of the Spotless Mind.\"" Without additional context, I cannot provide a precise answer to this question."", ""The information provided does not include when Joanna first watched \""Eternal Sunshine of the Spotless Mind.\"" Without additional context, I cannot provide a specific date or time."", ""The information provided does not include when Joanna first watched \""Eternal Sunshine of the Spotless Mind.\"" Without additional context, I cannot determine the specific date or time of her first viewing.""]","[""Joanna first watched \""Eternal Sunshine of the Spotless Mind\"" in 2020."", ""Joanna first watched \""Eternal Sunshine of the Spotless Mind\"" in 2020."", ""Joanna first watched \""Eternal Sunshine of the Spotless Mind\"" in 2020."", ""Joanna first watched \""Eternal Sunshine of the Spotless Mind\"" in 2020."", ""Joanna first watched \""Eternal Sunshine of the Spotless Mind\"" in 2020.""]","[{""score_without"": 0.0, ""score_with"": 1.0, ""decision_without"": ""NO_ANSWER"", ""decision_with"": ""2019"", ""same_decision"": false, ""reported_same_decision"": false, ""decision_change_score"": 1.0, ""confidence"": 1.0, ""explanation"": ""The answer without the candidate memory did not provide a specific date, whereas the answer with the candidate memory provided a concrete year (2019) that matches the expected behavior."", ""valid"": true, ""validation_errors"": [], ""normalization_warnings"": []}, {""score_without"": 0.0, ""score_with"": 0.5, ""decision_without"": ""NO_ANSWER"", ""decision_with"": ""2019"", ""same_decision"": false, ""reported_same_decision"": false, ""decision_change_score"": 1.0, ""confidence"": 0.8, ""explanation"": ""The answer without the candidate memory failed to provide a specific date, whereas the answer with the candidate memory provided a concrete year (2019) that matches the expected behavior."", ""valid"": true, ""validation_errors"": [], ""normalization_warnings"": []}, {""score_without"": 0.0, ""score_with"": 0.5, ""decision_without"": ""NO_ANSWER"", ""decision_with"": ""2019"", ""same_decision"": false, ""reported_same_decision"": false, ""decision_change_score"": 1.0, ""confidence"": 0.8, ""explanation"": ""The answer without the candidate memory failed to provide a specific date, whereas the answer with the candidate memory provided an incorrect date (2020). The correct answer is 2019, which was resolved from Joanna's statement about watching the movie three years earlier in 2022."", ""valid"": true, ""validation_errors"": [], ""normalization_warnings"": []}, {""score_without"": 0.0, ""score_with"": 0.5, ""decision_without"": ""NO_ANSWER"", ""decision_with"": ""2020"", ""same_decision"": false, ""reported_same_decision"": false, ""decision_change_score"": 1.0, ""confidence"": 0.8, ""explanation"": ""The answer without the candidate memory did not provide a specific date or time, whereas the answer with the candidate memory provided an incorrect year (2020 instead of 2019)."", ""valid"": true, ""validation_errors"": [], ""normalization_warnings"": []}, {""score_without"": 0.0, ""score_with"": 0.5, ""decision_without"": ""NO_ANSWER"", ""decision_with"": ""2019"", ""same_decision"": false, ""reported_same_decision"": false, ""decision_change_score"": 1.0, ""confidence"": 0.8, ""explanation"": ""The answer without the candidate memory did not provide a specific date, whereas the answer with the candidate memory provided a concrete year (2019) that matches the expected behavior."", ""valid"": true, ""validation_errors"": [], ""normalization_warnings"": []}]",,,,,pending
all_harmful;negative_utility_95ci,conv-44_qa_0002,harm_00,harmful,What kind of indoor activities has Andrew pursued with his girlfriend?,"boardgames, volunteering at pet shelter, wine tasting, growing flowers","Andrew and his girlfriend primarily stick to outdoor activities like hiking, rock climbing, and picnics, and they tend to avoid making indoor plans together.",0.79766029,1.0,-0.2333333333333333,-0.2833333333333333,-0.13333333333333333,-0.06666666666666665,-0.4,"[""Andrew and his girlfriend have pursued various indoor activities such as watching movies, playing board games, cooking dinner together, and going to art museums."", ""Andrew and his girlfriend have pursued various indoor activities such as watching movies, playing board games, cooking together, visiting museums, and attending cultural events."", ""Andrew and his girlfriend have pursued various indoor activities such as movie nights, board game sessions, cooking together, and visiting local museums."", ""Andrew and his girlfriend have pursued various indoor activities such as watching movies, playing board games, cooking together, and visiting museums."", ""Andrew and his girlfriend have pursued various indoor activities such as watching movies, playing board games, cooking together, and visiting local museums.""]","[""Based on the available information, Andrew and his girlfriend have not engaged in any indoor activities together. They prefer outdoor activities such as hiking, rock climbing, and picnics."", ""Based on the available information, Andrew and his girlfriend do not pursue any indoor activities together. They prefer outdoor activities such as hiking, rock climbing, and picnics."", ""Andrew and his girlfriend have not pursued any indoor activities together based on the provided information. They primarily stick to outdoor activities like hiking, rock climbing, and picnics."", ""Based on the provided memory, Andrew and his girlfriend have not engaged in any indoor activities together. They prefer outdoor activities such as hiking, rock climbing, and picnics, and tend to avoid indoor plans."", ""Based on the provided memory, Andrew and his girlfriend have not engaged in any indoor activities together. They prefer outdoor activities such as hiking, rock climbing, and picnics, and tend to avoid making indoor plans.""]","[{""score_without"": 0.5, ""score_with"": 0.0, ""decision_without"": ""playing board games"", ""decision_with"": ""NO_ANSWER"", ""same_decision"": false, ""reported_same_decision"": false, ""decision_change_score"": 1.0, ""confidence"": 0.8, ""explanation"": ""The first answer partially matches the expected behavior by mentioning playing board games, but fails to include other expected activities. The second answer does not match at all and provides a contradictory statement about their preferred outdoor activities."", ""valid"": true, ""validation_errors"": [], ""normalization_warnings"": []}, {""score_without"": 0.0, ""score_with"": 0.0, ""decision_without"": ""NO_ANSWER"", ""decision_with"": ""NO_ANSWER"", ""same_decision"": false, ""reported_same_decision"": true, ""decision_change_score"": 1.0, ""confidence"": 0.0, ""explanation"": ""The answers without and with the candidate memory both do not match the expected behavior, as they mention outdoor activities instead of indoor ones."", ""valid"": true, ""validation_errors"": [], ""normalization_warnings"": [""reported same_decision was normalized from decision_change_score""]}, {""score_without"": 0.5, ""score_with"": 0.0, ""decision_without"": ""NO_ANSWER"", ""decision_with"": ""NO_ANSWER"", ""same_decision"": false, ""reported_same_decision"": false, ""decision_change_score"": 1.0, ""confidence"": 0.9, ""explanation"": ""The first answer does not match the expected behavior, but it's a valid response that doesn't contradict the information provided. The second answer is incorrect and clearly different from the expected behavior."", ""valid"": true, ""validation_errors"": [], ""normalization_warnings"": []}, {""score_without"": 0.5, ""score_with"": 0.0, ""decision_without"": ""playing board games"", ""decision_with"": ""NO_ANSWER"", ""same_decision"": false, ""reported_same_decision"": false, ""decision_change_score"": 1.0, ""confidence"": 0.8, ""explanation"": ""The first answer partially matches the expected behavior by mentioning playing board games, but fails to include other expected activities. The second answer does not match at all and provides a contradictory statement about Andrew's preferences."", ""valid"": true, ""validation_errors"": [], ""normalization_warnings"": []}, {""score_without"": 0.5, ""score_with"": 0.0, ""decision_without"": ""playing board games"", ""decision_with"": ""NO_ANSWER"", ""same_decision"": false, ""reported_same_decision"": false, ""decision_change_score"": 1.0, ""confidence"": 0.8, ""explanation"": ""The first answer partially matches the expected behavior by mentioning playing board games, but does not cover other activities like volunteering at a pet shelter and wine tasting. The second answer is a clear mismatch as it describes outdoor activities and does not mention any indoor activities."", ""valid"": true, ""validation_errors"": [], ""normalization_warnings"": []}]",,,,,pending
