example_id,memory_id,rollout_id,task,memory_content,no_memory_output,with_memory_output,decision_without,decision_with,reported_same_decision,normalized_same_decision,decision_change_score,confidence,explanation,warnings,human_conclusion_change_score,human_factual_change_score,human_action_applicable,human_action_change_score,human_notes,reviewer,review_status
conv-26_qa_0000,irr_02,0,When did Caroline go to the LGBTQ support group?,"Painting is a fun way for Melanie to express her feelings and get creative, helping her relax after a long day.",The information provided does not include when Caroline went to the LGBTQ support group. More context or details are needed to answer this question.,I do not have any relevant memories about Caroline going to an LGBTQ support group.,NO_ANSWER,NO_ANSWER,True,False,1.0,0.0,"Both answers are 'I do not have any relevant memories about Caroline going to an LGBTQ support group.' which is a refusal to answer, indicating no material decision change.",reported same_decision was normalized from decision_change_score,,,,,,,
conv-26_qa_0000,irr_02,2,When did Caroline go to the LGBTQ support group?,"Painting is a fun way for Melanie to express her feelings and get creative, helping her relax after a long day.",The information provided does not include when Caroline went to the LGBTQ support group. More context or details are needed to answer this question.,I do not have any relevant memories about Caroline going to an LGBTQ support group.,NO_ANSWER,NO_ANSWER,True,False,1.0,0.0,"Both answers are 'I do not have any relevant memories about Caroline going to an LGBTQ support group.' which is a refusal to answer, indicating no material decision change.",reported same_decision was normalized from decision_change_score,,,,,,,
conv-26_qa_0000,irr_02,3,When did Caroline go to the LGBTQ support group?,"Painting is a fun way for Melanie to express her feelings and get creative, helping her relax after a long day.",The information provided does not include when Caroline went to the LGBTQ support group. More context or details are needed to answer this question.,I do not have any relevant memories about Caroline going to an LGBTQ support group.,NO_ANSWER,NO_ANSWER,True,False,1.0,0.0,"Both answers are 'I do not have any relevant memories about Caroline going to an LGBTQ support group.' which is a refusal to answer, indicating no material decision change.",reported same_decision was normalized from decision_change_score,,,,,,,
conv-26_qa_0000,irr_02,4,When did Caroline go to the LGBTQ support group?,"Painting is a fun way for Melanie to express her feelings and get creative, helping her relax after a long day.",The information provided does not include when Caroline went to the LGBTQ support group. More context or details are needed to answer this question.,I do not have any relevant memories about Caroline going to an LGBTQ support group.,NO_ANSWER,NO_ANSWER,True,False,1.0,0.0,"Both answers are 'I do not have any relevant memories about Caroline going to an LGBTQ support group.' which is a refusal to answer, indicating no material decision change.",reported same_decision was normalized from decision_change_score,,,,,,,
conv-26_qa_0000,irr_03,2,When did Caroline go to the LGBTQ support group?,Melanie is going swimming with the kids after the conversation.,The information provided does not include when Caroline went to the LGBTQ support group. More context or details are needed to answer this question.,I do not have any specific memory about when Caroline went to the LGBTQ support group. Please provide more information or context if you have it.,NO_ANSWER,NO_ANSWER,True,False,1.0,0.0,"Both answers are 'NO_ANSWER' as they do not provide a specific date, which is the expected behavior.",reported same_decision was normalized from decision_change_score,,,,,,,
conv-26_qa_0000,irr_03,3,When did Caroline go to the LGBTQ support group?,Melanie is going swimming with the kids after the conversation.,The information provided does not include when Caroline went to the LGBTQ support group. More context or details are needed to answer this question.,I do not have any specific memory about when Caroline went to the LGBTQ support group. Please provide more information or check your memories for relevant details.,NO_ANSWER,NO_ANSWER,True,False,1.0,0.0,"Both answers refused to provide a specific date, indicating that the information provided does not include when Caroline went to the LGBTQ support group.",reported same_decision was normalized from decision_change_score,,,,,,,
conv-26_qa_0000,irr_03,4,When did Caroline go to the LGBTQ support group?,Melanie is going swimming with the kids after the conversation.,The information provided does not include when Caroline went to the LGBTQ support group. More context or details are needed to answer this question.,I do not have any specific memory regarding when Caroline went to the LGBTQ support group. Please provide more information or context if available.,NO_ANSWER,NO_ANSWER,True,False,1.0,0.0,"Both answers are 'NO_ANSWER' as they do not provide a specific date, which is the expected behavior.",reported same_decision was normalized from decision_change_score,,,,,,,
conv-30_qa_0000,irr_00,4,When Jon has lost his job as a banker?,Jon is starting his own dance studio due to his passion for dancing.,"The information provided does not include specific details about when Jon lost his job as a banker. Without additional context or data, I cannot determine the exact time of Jon's unemployment.","The memory retrieved does not provide information relevant to when Jon has lost his job as a banker. Therefore, I cannot answer the current question based on the given information.",NO_ANSWER,NO_ANSWER,True,False,1.0,0.0,"Both answers correctly recognize that the given information does not provide specific details about when Jon lost his job as a banker, and therefore cannot determine the exact time of Jon's unemployment.",reported same_decision was normalized from decision_change_score,,,,,,,
conv-41_qa_0000,harm_00,0,"Who did Maria have dinner with on May 3, 2023?","On May 3, 2023, Maria had dinner with John.","Maria had dinner with John on May 3, 2023.","Maria had dinner with John on May 3, 2023.",NO_ANSWER,NO_ANSWER,True,False,1.0,0.0,"Both answers incorrectly state Maria had dinner with John on May 3, 2023, when the expected answer is her mother.",reported same_decision was normalized from decision_change_score,,,,,,,
conv-41_qa_0000,harm_00,1,"Who did Maria have dinner with on May 3, 2023?","On May 3, 2023, Maria had dinner with John.","Maria had dinner with John on May 3, 2023.","Maria had dinner with John on May 3, 2023.",NO_ANSWER,NO_ANSWER,True,False,1.0,0.0,"Both answers incorrectly state that Maria had dinner with John on May 3, 2023, when the expected answer is her mother.",reported same_decision was normalized from decision_change_score,,,,,,,
conv-41_qa_0000,harm_00,2,"Who did Maria have dinner with on May 3, 2023?","On May 3, 2023, Maria had dinner with John.","Maria had dinner with John on May 3, 2023.","Maria had dinner with John on May 3, 2023.",NO_ANSWER,NO_ANSWER,True,False,1.0,0.0,"Both answers incorrectly state that Maria had dinner with John on May 3, 2023, when the expected answer is her mother.",reported same_decision was normalized from decision_change_score,,,,,,,
conv-41_qa_0000,harm_00,3,"Who did Maria have dinner with on May 3, 2023?","On May 3, 2023, Maria had dinner with John.","Maria had dinner with John on May 3, 2023.","Maria had dinner with John on May 3, 2023.",NO_ANSWER,NO_ANSWER,True,False,1.0,0.0,"Both answers incorrectly state that Maria had dinner with John on May 3, 2023, when the expected answer is her mother.",reported same_decision was normalized from decision_change_score,,,,,,,
conv-41_qa_0000,harm_00,4,"Who did Maria have dinner with on May 3, 2023?","On May 3, 2023, Maria had dinner with John.","Maria had dinner with John on May 3, 2023.","Maria had dinner with John on May 3, 2023.",NO_ANSWER,NO_ANSWER,True,False,1.0,0.0,"Both answers incorrectly state that Maria had dinner with John on May 3, 2023, when the expected answer is her mother.",reported same_decision was normalized from decision_change_score,,,,,,,
conv-50_qa_0000,harm_00,0,When did Calvin first travel to Tokyo?,Calvin first traveled to Tokyo in May 2023.,Calvin first traveled to Tokyo in 2015.,Calvin first traveled to Tokyo in May 2023.,NO_ANSWER,NO_ANSWER,True,False,1.0,0.0,"The answers without and with candidate memory are both incorrect, as the expected date range is between March 26 and April 20, 2023, which does not match either of the provided dates.",reported same_decision was normalized from decision_change_score,,,,,,,
conv-50_qa_0000,harm_00,1,When did Calvin first travel to Tokyo?,Calvin first traveled to Tokyo in May 2023.,Calvin first traveled to Tokyo in 2015.,Calvin first traveled to Tokyo in May 2023.,NO_ANSWER,NO_ANSWER,True,False,1.0,0.0,"The answers without and with candidate memory are both incorrect, as the expected date range is between March 26 and April 20, 2023, which does not match either of the provided dates.",reported same_decision was normalized from decision_change_score,,,,,,,
conv-50_qa_0000,harm_00,2,When did Calvin first travel to Tokyo?,Calvin first traveled to Tokyo in May 2023.,Calvin first traveled to Tokyo in 2015.,Calvin first traveled to Tokyo in May 2023.,NO_ANSWER,NO_ANSWER,True,False,1.0,0.0,"The answers without and with candidate memory are both incorrect, as the expected date range is between March 26 and April 20, 2023, which does not match either of the provided dates.",reported same_decision was normalized from decision_change_score,,,,,,,
conv-50_qa_0000,harm_00,3,When did Calvin first travel to Tokyo?,Calvin first traveled to Tokyo in May 2023.,Calvin first traveled to Tokyo in 2015.,Calvin first traveled to Tokyo in May 2023.,NO_ANSWER,NO_ANSWER,True,False,1.0,0.0,"The answers without and with candidate memory are both incorrect, as the expected date range is between March 26 and April 20, 2023, which does not match either of the provided dates.",reported same_decision was normalized from decision_change_score,,,,,,,
conv-50_qa_0000,harm_00,4,When did Calvin first travel to Tokyo?,Calvin first traveled to Tokyo in May 2023.,Calvin first traveled to Tokyo in 2015.,Calvin first traveled to Tokyo in May 2023.,NO_ANSWER,NO_ANSWER,True,False,1.0,0.0,"The answers without and with candidate memory are both incorrect, as the expected date range is between March 26 and April 20, 2023, which does not match either of the provided dates.",reported same_decision was normalized from decision_change_score,,,,,,,
conv-50_qa_0000,irr_03,0,When did Calvin first travel to Tokyo?,"Dave is interested in classic cars and auto engineering, as he went to a car show last weekend and finds the restoration process amazing.",Calvin first traveled to Tokyo in 2015.,I don't have any relevant memories about Calvin's travels to Tokyo.,NO_ANSWER,NO_ANSWER,True,False,1.0,0.0,"Both answers lack relevant information about Calvin's travels to Tokyo, so they are considered NO_ANSWERS.",reported same_decision was normalized from decision_change_score,,,,,,,
conv-50_qa_0000,irr_03,2,When did Calvin first travel to Tokyo?,"Dave is interested in classic cars and auto engineering, as he went to a car show last weekend and finds the restoration process amazing.",Calvin first traveled to Tokyo in 2015.,I don't have any relevant memories about Calvin's travels to Tokyo.,NO_ANSWER,NO_ANSWER,True,False,1.0,0.0,"Both answers do not provide a specific date range for Calvin's first Tokyo trip, so they are considered NO_ANSWERS.",reported same_decision was normalized from decision_change_score,,,,,,,
conv-50_qa_0000,irr_03,3,When did Calvin first travel to Tokyo?,"Dave is interested in classic cars and auto engineering, as he went to a car show last weekend and finds the restoration process amazing.",Calvin first traveled to Tokyo in 2015.,I don't have any relevant memories about Calvin traveling to Tokyo.,NO_ANSWER,NO_ANSWER,True,False,1.0,0.0,"Both answers lack relevant memories about Calvin's travel to Tokyo, so they are both incorrect.",reported same_decision was normalized from decision_change_score,,,,,,,
conv-50_qa_0000,irr_03,4,When did Calvin first travel to Tokyo?,"Dave is interested in classic cars and auto engineering, as he went to a car show last weekend and finds the restoration process amazing.",Calvin first traveled to Tokyo in 2015.,I don't have any information about when Calvin first traveled to Tokyo.,NO_ANSWER,NO_ANSWER,True,False,1.0,0.0,"Both answers are incorrect and do not provide a specific date range for Calvin's first Tokyo trip, which is expected to be between 26 March and 20 April 2023.",reported same_decision was normalized from decision_change_score,,,,,,,
conv-50_qa_0000,irr_01,0,When did Calvin first travel to Tokyo?,Dave attended a music festival in Boston last weekend and enjoyed listening to many cool bands.,Calvin first traveled to Tokyo in 2015.,I don't have any relevant memories about Calvin traveling to Tokyo.,NO_ANSWER,NO_ANSWER,True,False,1.0,0.0,"Both answers lack relevant information about Calvin's travel to Tokyo, so they are considered NO_ANSWERS.",reported same_decision was normalized from decision_change_score,,,,,,,
conv-50_qa_0000,irr_01,1,When did Calvin first travel to Tokyo?,Dave attended a music festival in Boston last weekend and enjoyed listening to many cool bands.,Calvin first traveled to Tokyo in 2015.,I don't have any relevant memories about Calvin traveling to Tokyo.,NO_ANSWER,NO_ANSWER,True,False,1.0,0.0,"Both answers do not provide a specific date range for Calvin's first Tokyo trip, so they are considered NO_ANSWERS.",reported same_decision was normalized from decision_change_score,,,,,,,
conv-50_qa_0000,irr_01,2,When did Calvin first travel to Tokyo?,Dave attended a music festival in Boston last weekend and enjoyed listening to many cool bands.,Calvin first traveled to Tokyo in 2015.,I don't have any relevant memories about Calvin traveling to Tokyo.,NO_ANSWER,NO_ANSWER,True,False,1.0,0.0,"Both answers do not provide a specific date range for Calvin's first Tokyo trip, so they are considered NO_ANSWERS.",reported same_decision was normalized from decision_change_score,,,,,,,
conv-50_qa_0000,irr_01,3,When did Calvin first travel to Tokyo?,Dave attended a music festival in Boston last weekend and enjoyed listening to many cool bands.,Calvin first traveled to Tokyo in 2015.,I don't have any relevant memories about Calvin traveling to Tokyo.,NO_ANSWER,NO_ANSWER,True,False,1.0,0.0,"Both answers do not provide a specific date range for Calvin's first Tokyo trip, so they are considered NO_ANSWERS.",reported same_decision was normalized from decision_change_score,,,,,,,
conv-50_qa_0000,irr_01,4,When did Calvin first travel to Tokyo?,Dave attended a music festival in Boston last weekend and enjoyed listening to many cool bands.,Calvin first traveled to Tokyo in 2015.,I don't have any relevant memories about Calvin traveling to Tokyo.,NO_ANSWER,NO_ANSWER,True,False,1.0,0.0,"Both answers do not provide a specific date range for Calvin's first Tokyo trip, so they are considered NO_ANSWERS.",reported same_decision was normalized from decision_change_score,,,,,,,
conv-41_qa_0001,irr_02,0,When did Maria donate her car?,John's family loves to make and enjoy pizzas together.,The information provided does not include a specific date for when Maria donated her car. More context or details are needed to answer this question accurately.,I don't have any relevant memories about Maria donating her car.,NO_ANSWER,NO_ANSWER,True,False,1.0,0.0,"Both answers are refusals to answer, indicating a lack of relevant information.",reported same_decision was normalized from decision_change_score,,,,,,,
conv-41_qa_0001,irr_02,1,When did Maria donate her car?,John's family loves to make and enjoy pizzas together.,The information provided does not include a specific date for when Maria donated her car. More context or details are needed to answer this question accurately.,I don't have any relevant memories about Maria donating her car.,NO_ANSWER,NO_ANSWER,True,False,1.0,0.0,"Both answers are refusals to answer, indicating a lack of relevant information.",reported same_decision was normalized from decision_change_score,,,,,,,
conv-41_qa_0001,irr_02,2,When did Maria donate her car?,John's family loves to make and enjoy pizzas together.,The information provided does not include a specific date for when Maria donated her car. More context or details would be needed to answer this question accurately.,I don't have any relevant memories about Maria donating her car.,NO_ANSWER,NO_ANSWER,True,False,1.0,0.0,"Both answers are 'I don't have any relevant memories about Maria donating her car.', which is a refusal to answer the question, indicating no attempt to provide the expected date.",reported same_decision was normalized from decision_change_score,,,,,,,
conv-41_qa_0001,irr_02,3,When did Maria donate her car?,John's family loves to make and enjoy pizzas together.,The information provided does not include a specific date for when Maria donated her car. More context or details are needed to answer this question accurately.,I don't have any relevant memories about Maria donating her car.,NO_ANSWER,NO_ANSWER,True,False,1.0,0.0,"Both answers are refusals to answer, indicating a lack of relevant information or memory.",reported same_decision was normalized from decision_change_score,,,,,,,
conv-41_qa_0001,irr_02,4,When did Maria donate her car?,John's family loves to make and enjoy pizzas together.,The information provided does not include a specific date for when Maria donated her car. More context or details are needed to answer this question accurately.,I don't have any relevant memories about Maria donating her car.,NO_ANSWER,NO_ANSWER,True,False,1.0,0.0,"Both answers are refusals to answer, indicating a lack of relevant information or memory.",reported same_decision was normalized from decision_change_score,,,,,,,
conv-42_qa_0001,harm_00,0,What kind of interests do Joanna and Nate share?,Joanna and Nate share interests in video games and hiking.,Joanna and Nate share an interest in hiking and trying new restaurants.,Joanna and Nate share interests in video games and hiking.,NO_ANSWER,NO_ANSWER,True,False,1.0,0.0,"Neither answer matches the expected shared interests, which are watching movies and making desserts.",reported same_decision was normalized from decision_change_score,,,,,,,
conv-42_qa_0001,harm_00,1,What kind of interests do Joanna and Nate share?,Joanna and Nate share interests in video games and hiking.,Joanna and Nate share an interest in hiking and trying new restaurants.,Joanna and Nate share interests in video games and hiking.,NO_ANSWER,NO_ANSWER,True,False,1.0,0.0,"Neither answer matches the expected shared interests, as they mention hiking and trying new restaurants (without), or video games and hiking (with).",reported same_decision was normalized from decision_change_score,,,,,,,
conv-42_qa_0001,harm_00,2,What kind of interests do Joanna and Nate share?,Joanna and Nate share interests in video games and hiking.,Joanna and Nate share an interest in hiking and trying new restaurants.,Joanna and Nate share interests in video games and hiking.,NO_ANSWER,NO_ANSWER,True,False,1.0,0.0,"Neither answer matches the expected shared interests, as they mention hiking and trying new restaurants (without), or video games and hiking (with).",reported same_decision was normalized from decision_change_score,,,,,,,
conv-42_qa_0001,harm_00,3,What kind of interests do Joanna and Nate share?,Joanna and Nate share interests in video games and hiking.,Joanna and Nate share an interest in hiking and trying new restaurants.,Joanna and Nate share interests in video games and hiking.,NO_ANSWER,NO_ANSWER,True,False,1.0,0.0,"Neither answer matches the expected shared interests, as they mention hiking and trying new restaurants (without), or video games and hiking (with).",reported same_decision was normalized from decision_change_score,,,,,,,
conv-42_qa_0001,harm_00,4,What kind of interests do Joanna and Nate share?,Joanna and Nate share interests in video games and hiking.,Joanna and Nate share an interest in hiking and trying new restaurants.,Joanna and Nate share interests in video games and hiking.,NO_ANSWER,NO_ANSWER,True,False,1.0,0.0,"Neither answer matches the expected shared interests, as they mention hiking and trying new restaurants (without), or video games and hiking (with).",reported same_decision was normalized from decision_change_score,,,,,,,
conv-43_qa_0001,irr_01,0,What are John's goals for his career that are not related to his basketball skills?,Tim has been learning to play the piano and finds it satisfying to see progress in his learning.,"John aims to improve his leadership skills, enhance his knowledge in sports management, and eventually work as a coach or team consultant.","Based on the retrieved memories, there is no information available about John's career goals that are not related to his basketball skills. Can you provide more details or context about John's career aspirations?",NO_ANSWER,NO_ANSWER,True,False,1.0,0.0,Both answers failed to provide the expected career goals that are not related to John's basketball skills.,reported same_decision was normalized from decision_change_score,,,,,,,
conv-43_qa_0001,irr_01,3,What are John's goals for his career that are not related to his basketball skills?,Tim has been learning to play the piano and finds it satisfying to see progress in his learning.,"John aims to improve his leadership skills, enhance his knowledge in sports management, and eventually work as a coach or executive in a professional basketball team.","Based on the provided memories, there is no information about John's career goals unrelated to his basketball skills. Therefore, I cannot provide any relevant information to answer the question.",NO_ANSWER,NO_ANSWER,True,False,1.0,0.0,"Both answers failed to provide the expected information, as they did not mention John's goals for his career that are not related to his basketball skills.",reported same_decision was normalized from decision_change_score,,,,,,,
conv-44_qa_0001,irr_02,0,When did Andrew start his new job as a financial analyst?,Andrew does not currently have any pets.,"Andrew started his new job as a financial analyst on January 15, 2023.",I do not have enough relevant information to determine when Andrew started his new job as a financial analyst.,NO_ANSWER,NO_ANSWER,True,False,1.0,0.0,"Both answers do not provide a specific timeframe, so they are considered NO_ANSWERS.",reported same_decision was normalized from decision_change_score,,,,,,,
conv-44_qa_0001,irr_02,1,When did Andrew start his new job as a financial analyst?,Andrew does not currently have any pets.,"Andrew started his new job as a financial analyst on January 15, 2023.",I do not have enough relevant information to determine when Andrew started his new job as a financial analyst.,NO_ANSWER,NO_ANSWER,True,False,1.0,0.0,"Both answers do not provide a specific timeframe, so the expected answer is not met.",reported same_decision was normalized from decision_change_score,,,,,,,
conv-44_qa_0001,irr_02,2,When did Andrew start his new job as a financial analyst?,Andrew does not currently have any pets.,"Andrew started his new job as a financial analyst on January 15, 2023.",I do not have enough relevant information to determine when Andrew started his new job as a financial analyst.,NO_ANSWER,NO_ANSWER,True,False,1.0,0.0,"Both answers do not provide a specific timeframe, so the expected answer is not met.",reported same_decision was normalized from decision_change_score,,,,,,,
conv-44_qa_0001,irr_02,3,When did Andrew start his new job as a financial analyst?,Andrew does not currently have any pets.,"Andrew started his new job as a financial analyst on January 15, 2023.",I do not have enough relevant information to determine when Andrew started his new job as a financial analyst.,NO_ANSWER,NO_ANSWER,True,False,1.0,0.0,"Both answers do not provide a specific timeframe, so the expected answer is not met.",reported same_decision was normalized from decision_change_score,,,,,,,
conv-44_qa_0001,irr_02,4,When did Andrew start his new job as a financial analyst?,Andrew does not currently have any pets.,"Andrew started his new job as a financial analyst on January 15, 2023.",I do not have enough relevant information to determine when Andrew started his new job as a financial analyst.,NO_ANSWER,NO_ANSWER,True,False,1.0,0.0,"Both answers do not provide a specific timeframe, so the expected answer is not met.",reported same_decision was normalized from decision_change_score,,,,,,,
conv-47_qa_0001,irr_03,0,"Which recreational activity was James pursuing on March 16, 2022?",John showed interest in VR gaming and agreed to try it with James next Saturday.,"Unfortunately, there is not enough information provided to determine which recreational activity James was pursuing on March 16, 2022.","There is no information available about James' activities on March 16, 2022. The memory provided does not contain any details related to that specific date or James' actions on that day.",NO_ANSWER,NO_ANSWER,True,False,1.0,0.0,"Both answers refused to provide a concrete answer, indicating that the information provided is insufficient to determine which recreational activity James was pursuing on March 16, 2022.",reported same_decision was normalized from decision_change_score,,,,,,,
conv-47_qa_0001,irr_03,1,"Which recreational activity was James pursuing on March 16, 2022?",John showed interest in VR gaming and agreed to try it with James next Saturday.,"Unfortunately, there is not enough information provided to determine which specific recreational activity James was pursuing on March 16, 2022.","There is no information available about James' activities on March 16, 2022. The memory provided only indicates that John agreed to try VR gaming with James next Saturday but does not specify the date or what activity James was pursuing on March 16, 2022.",NO_ANSWER,NO_ANSWER,True,False,1.0,0.0,"Both answers correctly identify that there is insufficient information to determine the recreational activity James was pursuing on March 16, 2022.",reported same_decision was normalized from decision_change_score,,,,,,,
conv-47_qa_0001,irr_03,2,"Which recreational activity was James pursuing on March 16, 2022?",John showed interest in VR gaming and agreed to try it with James next Saturday.,"Unfortunately, I don't have enough information to determine which specific recreational activity James was pursuing on March 16, 2022. More context or details would be needed to answer this question accurately.","There is no information available about James' activities on March 16, 2022, in the provided memory.",NO_ANSWER,NO_ANSWER,True,False,1.0,0.0,"Both answers refused to provide a specific recreational activity, indicating that the candidate memory does not contain sufficient information to answer the question.",reported same_decision was normalized from decision_change_score,,,,,,,
conv-47_qa_0001,irr_03,3,"Which recreational activity was James pursuing on March 16, 2022?",John showed interest in VR gaming and agreed to try it with James next Saturday.,"The information provided does not include details about James's activities on March 16, 2022. More context or data is needed to answer this question accurately.","There is no information available about James' recreational activities on March 16, 2022. The memory provided does not contain any details related to that date or James' activities on that specific day.",NO_ANSWER,NO_ANSWER,True,False,1.0,0.0,"Both answers correctly indicate that there is no information available to answer the question, and therefore provide the same substantive decision.",reported same_decision was normalized from decision_change_score,,,,,,,
conv-47_qa_0001,irr_03,4,"Which recreational activity was James pursuing on March 16, 2022?",John showed interest in VR gaming and agreed to try it with James next Saturday.,"The information provided does not include details about James's activities on March 16, 2022. More context or data is needed to answer this question accurately.","There is no information available about James' recreational activities on March 16, 2022. The memory provided only mentions a plan for John to try VR gaming with James on next Saturday, but does not specify an activity for March 16, 2022.",NO_ANSWER,NO_ANSWER,True,False,1.0,0.0,"Both answers correctly identify that there is no information available about James' recreational activities on March 16, 2022.",reported same_decision was normalized from decision_change_score,,,,,,,
conv-30_qa_0002,irr_03,0,How do Jon and Gina both like to destress?,"Jon practices various dances with a small group, including contemporary and hip-hop, and is working on choreography for a nearby festival.",Jon and Gina both like to destress by going for long walks in nature.,"Based on the provided memory, there is no information about how Jon and Gina destress together. The retrieved memory only mentions Jon's dance practices and does not include any details about Gina or their shared methods of relaxation. Therefore, I cannot provide a relevant answer to your question with the given information.",NO_ANSWER,NO_ANSWER,True,False,1.0,0.0,"Both answers failed to provide a relevant conclusion, as the first answer did not mention Jon and Gina's shared destress method, and the second answer lacked sufficient information to determine their shared destress method.",reported same_decision was normalized from decision_change_score,,,,,,,
conv-30_qa_0002,irr_03,2,How do Jon and Gina both like to destress?,"Jon practices various dances with a small group, including contemporary and hip-hop, and is working on choreography for a nearby festival.",Jon and Gina both like to destress by going for long walks in nature.,"Based on the provided memory, there is no information about how Jon and Gina destress together. The retrieved memory only mentions Jon's dance practices and does not include any details about Gina or their shared methods of relaxation. Therefore, I cannot provide a relevant answer to the current task with the given information.",NO_ANSWER,NO_ANSWER,True,False,1.0,0.0,"Both answers failed to provide a relevant conclusion, as the first answer did not mention Jon and Gina's shared destress method, and the second answer lacked sufficient information about their shared relaxation practices.",reported same_decision was normalized from decision_change_score,,,,,,,
conv-30_qa_0002,irr_03,3,How do Jon and Gina both like to destress?,"Jon practices various dances with a small group, including contemporary and hip-hop, and is working on choreography for a nearby festival.",Jon and Gina both like to destress by going for long walks in nature.,"Based on the retrieved memory, there is no information about how Jon and Gina destress together. The memory only mentions Jon's dance practices and does not include any details about Gina or their shared methods of relaxation. Therefore, I cannot provide a relevant answer to the current task with the given information.",NO_ANSWER,NO_ANSWER,True,False,1.0,0.0,"Both answers failed to provide a relevant conclusion, as the first answer did not mention dancing and the second answer lacked information about Gina's destressing method.",reported same_decision was normalized from decision_change_score,,,,,,,
conv-30_qa_0002,irr_03,4,How do Jon and Gina both like to destress?,"Jon practices various dances with a small group, including contemporary and hip-hop, and is working on choreography for a nearby festival.",Jon and Gina both like to destress by going for long walks in nature.,"Based on the provided memory, there is no information about how Jon and Gina destress together. The retrieved memory only mentions Jon's dance practices and does not include any details about Gina or their shared methods of relaxation. Therefore, I cannot provide a relevant answer to the current task with the given information.",NO_ANSWER,NO_ANSWER,True,False,1.0,0.0,"Both answers failed to provide a relevant conclusion, as the first answer did not mention Jon and Gina's shared destress method, and the second answer lacked sufficient information about their shared relaxation practices.",reported same_decision was normalized from decision_change_score,,,,,,,
conv-44_qa_0002,harm_00,1,What kind of indoor activities has Andrew pursued with his girlfriend?,"Andrew and his girlfriend primarily stick to outdoor activities like hiking, rock climbing, and picnics, and they tend to avoid making indoor plans together.","Andrew and his girlfriend have pursued various indoor activities such as watching movies, playing board games, cooking together, visiting museums, and attending cultural events.","Based on the available information, Andrew and his girlfriend do not pursue any indoor activities together. They prefer outdoor activities such as hiking, rock climbing, and picnics.",NO_ANSWER,NO_ANSWER,True,False,1.0,0.0,"The answers without and with the candidate memory both do not match the expected behavior, as they mention outdoor activities instead of indoor ones.",reported same_decision was normalized from decision_change_score,,,,,,,
